{
	"sigma"	:	[50.0,	0.1,	0.1,
				 0.1,	50.0,	0.1,
				 0.001,	0.001,	0.1],
	"R"		:	[1.0,	1.0,	1.0,
				 1.0,	1.0,	1.0,
				 1.0,	1.0,	1.0],
	"Q_measure"		:	[210.9, 	0.0449,	0.048,
				89.9346,	0.068,	0.1,
				45.74,	0.213,	0.217],
	"Q"		:	[0.02, 	0.009,	0,
				0.009,	0.08,	0,
				0,	0,	0],				
	"Q_odometry"	: [0.007, 0.00005, 0.0008,
					  0.00005, 0.015, 0.001,
					  0.0008, 0.001, 0.001],
	"Q_global"	: [0.005, 0.004, 0.002,
					0.004, 0.007, 0.01,
					0.02, 0.01,	0.04]
}